{
	"format_version": "1.21.6",
	"credit": "Made with Blockbench",
	"textures": {
		"3": "block/red_concret",
		"particle": "red_concrete"
	},
	"elements": [
		{
			"from": [7, 0, 8],
			"to": [8, 0, 9],
			"rotation": {"angle": 0, "axis": "y", "origin": [7.5, 0, 7]},
			"faces": {
				"north": {"uv": [0, 0, 1, 0], "texture": "#3"},
				"east": {"uv": [0, 0, 1, 0], "texture": "#3"},
				"south": {"uv": [0, 0, 1, 0], "texture": "#3"},
				"west": {"uv": [0, 0, 1, 0], "texture": "#3"},
				"up": {"uv": [2, 1, 1, 0], "rotation": 180, "texture": "#3"},
				"down": {"uv": [2, 1, 1, 2], "rotation": 180, "texture": "#3"}
			}
		},
		{
			"from": [7, 0, 7],
			"to": [8, 0, 8],
			"rotation": {"angle": 0, "axis": "y", "origin": [7.5, 0, 7]},
			"faces": {
				"north": {"uv": [0, 0, 1, 0], "texture": "#3"},
				"east": {"uv": [0, 0, 1, 0], "texture": "#3"},
				"south": {"uv": [0, 0, 1, 0], "texture": "#3"},
				"west": {"uv": [0, 0, 1, 0], "texture": "#3"},
				"up": {"uv": [1, 3, 0, 2], "rotation": 180, "texture": "#3"},
				"down": {"uv": [3, 0, 2, 1], "rotation": 180, "texture": "#3"}
			}
		},
		{
			"from": [8, 0, 7],
			"to": [9, 0, 8],
			"rotation": {"angle": 0, "axis": "y", "origin": [7.5, 0, 7]},
			"faces": {
				"north": {"uv": [0, 0, 1, 0], "texture": "#3"},
				"east": {"uv": [0, 0, 1, 0], "texture": "#3"},
				"south": {"uv": [0, 0, 1, 0], "texture": "#3"},
				"west": {"uv": [0, 0, 1, 0], "texture": "#3"},
				"up": {"uv": [1, 1, 0, 0], "rotation": 180, "texture": "#3"},
				"down": {"uv": [1, 1, 0, 2], "rotation": 180, "texture": "#3"}
			}
		},
		{
			"from": [6, 0, 7],
			"to": [7, 0, 8],
			"rotation": {"angle": 0, "axis": "y", "origin": [7.5, 0, 7]},
			"faces": {
				"north": {"uv": [0, 0, 1, 0], "texture": "#3"},
				"east": {"uv": [0, 0, 1, 0], "texture": "#3"},
				"south": {"uv": [0, 0, 1, 0], "texture": "#3"},
				"west": {"uv": [0, 0, 1, 0], "texture": "#3"},
				"up": {"uv": [2, 3, 1, 2], "rotation": 180, "texture": "#3"},
				"down": {"uv": [3, 1, 2, 2], "rotation": 180, "texture": "#3"}
			}
		},
		{
			"from": [6, 0, 6],
			"to": [7, 0, 7],
			"rotation": {"angle": 0, "axis": "y", "origin": [7.5, 0, 7]},
			"faces": {
				"north": {"uv": [0, 0, 1, 0], "texture": "#3"},
				"east": {"uv": [0, 0, 1, 0], "texture": "#3"},
				"south": {"uv": [0, 0, 1, 0], "texture": "#3"},
				"west": {"uv": [0, 0, 1, 0], "texture": "#3"},
				"up": {"uv": [3, 3, 2, 2], "rotation": 180, "texture": "#3"},
				"down": {"uv": [1, 3, 0, 4], "rotation": 180, "texture": "#3"}
			}
		},
		{
			"from": [8, 0, 6],
			"to": [9, 0, 7],
			"rotation": {"angle": 0, "axis": "y", "origin": [7.5, 0, 7]},
			"faces": {
				"north": {"uv": [0, 0, 1, 0], "texture": "#3"},
				"east": {"uv": [0, 0, 1, 0], "texture": "#3"},
				"south": {"uv": [0, 0, 1, 0], "texture": "#3"},
				"west": {"uv": [0, 0, 1, 0], "texture": "#3"},
				"up": {"uv": [4, 1, 3, 0], "rotation": 180, "texture": "#3"},
				"down": {"uv": [2, 3, 1, 4], "rotation": 180, "texture": "#3"}
			}
		},
		{
			"from": [9, 0, 6],
			"to": [10, 0, 7],
			"rotation": {"angle": 0, "axis": "y", "origin": [7.5, 0, 7]},
			"faces": {
				"north": {"uv": [0, 0, 1, 0], "texture": "#3"},
				"east": {"uv": [0, 0, 1, 0], "texture": "#3"},
				"south": {"uv": [0, 0, 1, 0], "texture": "#3"},
				"west": {"uv": [0, 0, 1, 0], "texture": "#3"},
				"up": {"uv": [4, 2, 3, 1], "rotation": 180, "texture": "#3"},
				"down": {"uv": [3, 3, 2, 4], "rotation": 180, "texture": "#3"}
			}
		},
		{
			"from": [9, 0, 5],
			"to": [10, 0, 6],
			"rotation": {"angle": 0, "axis": "y", "origin": [7.5, 0, 7]},
			"faces": {
				"north": {"uv": [0, 0, 1, 0], "texture": "#3"},
				"east": {"uv": [0, 0, 1, 0], "texture": "#3"},
				"south": {"uv": [0, 0, 1, 0], "texture": "#3"},
				"west": {"uv": [0, 0, 1, 0], "texture": "#3"},
				"up": {"uv": [4, 3, 3, 2], "rotation": 180, "texture": "#3"},
				"down": {"uv": [4, 3, 3, 4], "rotation": 180, "texture": "#3"}
			}
		},
		{
			"from": [10, 0, 5],
			"to": [11, 0, 6],
			"rotation": {"angle": 0, "axis": "y", "origin": [7.5, 0, 7]},
			"faces": {
				"north": {"uv": [0, 0, 1, 0], "texture": "#3"},
				"east": {"uv": [0, 0, 1, 0], "texture": "#3"},
				"south": {"uv": [0, 0, 1, 0], "texture": "#3"},
				"west": {"uv": [0, 0, 1, 0], "texture": "#3"},
				"up": {"uv": [1, 5, 0, 4], "rotation": 180, "texture": "#3"},
				"down": {"uv": [5, 0, 4, 1], "rotation": 180, "texture": "#3"}
			}
		},
		{
			"from": [5, 0, 6],
			"to": [6, 0, 7],
			"rotation": {"angle": 0, "axis": "y", "origin": [7.5, 0, 7]},
			"faces": {
				"north": {"uv": [0, 0, 1, 0], "texture": "#3"},
				"east": {"uv": [0, 0, 1, 0], "texture": "#3"},
				"south": {"uv": [0, 0, 1, 0], "texture": "#3"},
				"west": {"uv": [0, 0, 1, 0], "texture": "#3"},
				"up": {"uv": [2, 5, 1, 4], "rotation": 180, "texture": "#3"},
				"down": {"uv": [5, 1, 4, 2], "rotation": 180, "texture": "#3"}
			}
		},
		{
			"from": [5, 0, 5],
			"to": [6, 0, 6],
			"rotation": {"angle": 0, "axis": "y", "origin": [7.5, 0, 7]},
			"faces": {
				"north": {"uv": [0, 0, 1, 0], "texture": "#3"},
				"east": {"uv": [0, 0, 1, 0], "texture": "#3"},
				"south": {"uv": [0, 0, 1, 0], "texture": "#3"},
				"west": {"uv": [0, 0, 1, 0], "texture": "#3"},
				"up": {"uv": [3, 5, 2, 4], "rotation": 180, "texture": "#3"},
				"down": {"uv": [5, 2, 4, 3], "rotation": 180, "texture": "#3"}
			}
		},
		{
			"from": [4, 0, 5],
			"to": [5, 0, 6],
			"rotation": {"angle": 0, "axis": "y", "origin": [7.5, 0, 7]},
			"faces": {
				"north": {"uv": [0, 0, 1, 0], "texture": "#3"},
				"east": {"uv": [0, 0, 1, 0], "texture": "#3"},
				"south": {"uv": [0, 0, 1, 0], "texture": "#3"},
				"west": {"uv": [0, 0, 1, 0], "texture": "#3"},
				"up": {"uv": [4, 5, 3, 4], "rotation": 180, "texture": "#3"},
				"down": {"uv": [5, 3, 4, 4], "rotation": 180, "texture": "#3"}
			}
		}
	],
	"groups": [
		{
			"name": "group",
			"origin": [0, 0, 0],
			"color": 0,
			"children": [0, 1, 2, 3, 4, 5, 6, 7, 8, 9, 10, 11]
		}
	]
}